,GameDuration,champion,kills,deaths,assists,goldEarned,DamageDealt,DamageTaken,cs,dragonKills,baronKills,win
0,949,Karthus,13,9,27,13036,0,5217,67,0,0,1
1,1211,Elise,4,4,4,8272,1108,12296,12,1,0,0
2,2381,Lillia,12,8,16,16721,1284,46543,61,3,0,1
3,1297,Singed,2,10,4,6389,264,12594,104,0,0,0
4,2336,Elise,7,6,10,13630,1823,29204,47,0,0,0
5,931,Rakan,2,8,19,9286,961,9350,5,0,0,0
6,665,Ashe,2,6,7,6846,7423,4966,14,0,0,0
7,1113,Corki,15,11,23,13577,5586,11911,43,0,0,1
8,1742,Zac,4,7,11,9971,1193,27856,27,0,0,0
9,1789,Warwick,23,15,27,22616,31475,36769,54,0,0,1
10,949,Zyra,5,6,24,11052,454,2680,46,0,0,1
11,1036,Galio,6,14,24,11716,477,24587,14,0,0,0
12,2226,Anivia,6,8,18,11476,1223,20229,76,0,0,0
13,1191,Azir,9,12,25,13666,699,22226,59,0,0,0
14,1142,Kayle,6,9,29,12305,7651,10186,51,0,0,1
15,1687,Ezreal,18,9,29,20873,61837,8055,111,0,0,0
16,1743,Renata,9,0,30,11257,2132,5131,16,0,0,1
17,2137,Alistar,3,8,20,10815,1143,26205,39,0,0,0
18,1281,Sion,7,14,19,13592,27993,19008,64,0,0,0
19,985,Alistar,0,2,3,3728,476,5859,24,0,0,1
20,1014,Lulu,0,5,37,10296,316,8069,4,0,0,1
21,1120,Neeko,1,8,15,10503,347,3679,33,0,0,0
22,1687,Sona,11,10,45,17719,4530,29352,15,0,0,1
23,1350,Soraka,2,10,38,13292,516,7461,11,0,0,1
24,1753,Leona,3,8,18,8550,3012,17363,24,1,0,1
25,1168,Lux,4,10,22,12152,516,11930,43,0,0,0
26,1687,Nautilus,4,16,48,17328,7728,38770,38,0,0,1
27,1350,MissFortune,15,10,20,17998,9628,7075,130,0,0,1
28,1753,Xayah,11,6,14,13823,20827,11026,178,1,0,1
29,1632,Jhin,4,3,10,10163,14396,7832,149,0,0,1
30,1833,Vayne,7,10,9,11281,16672,14771,123,2,0,1
31,900,Pyke,10,11,11,10309,13716,13573,5,0,0,0
32,1133,Renekton,3,18,11,10816,13802,12586,21,0,0,0
33,1615,Yone,17,17,23,21395,50218,19218,123,0,0,1
34,1014,Lillia,12,9,18,13109,519,13489,38,0,0,1
35,1513,Nilah,8,5,8,13307,24436,15973,191,1,0,1
36,1378,Viego,4,8,2,7786,9334,8876,70,0,0,0
37,1748,Vayne,12,6,3,13359,18628,10651,169,0,0,1
38,1734,Kaisa,5,9,3,10952,13295,11875,180,0,0,0
39,1173,Zeri,20,10,17,16135,26093,6691,74,0,0,1
40,350,Gwen,0,1,0,1590,208,1695,28,0,0,0
41,1783,Gwen,3,5,3,12403,1582,15793,223,0,0,1
42,2499,Gwen,15,7,4,21789,6783,34170,333,0,0,0
43,1388,Gwen,2,5,2,7063,1495,7932,131,0,0,0
44,2591,Gwen,12,10,9,19407,3462,25479,268,0,0,0
45,1551,Fizz,5,14,6,9257,2415,11857,39,0,0,0
46,2381,Pantheon,10,18,7,13660,35331,26609,44,0,0,0
47,2525,Xerath,7,8,15,16020,629,15565,213,1,0,0
48,2635,Lucian,7,9,9,15375,17606,13060,189,1,0,1
49,1857,Jhin,7,3,7,12426,13781,9471,197,0,0,0
50,1704,Irelia,12,7,5,16022,17926,18937,230,0,0,1
51,2227,Yasuo,4,17,8,14412,19197,23704,221,0,0,0
52,1315,LeeSin,2,6,2,7980,6665,16714,143,0,0,0
53,1443,Yasuo,11,6,5,13136,18878,15785,169,0,0,1
54,2097,Katarina,8,12,4,13151,1944,20573,193,0,0,0
55,1413,Belveth,9,5,6,11004,8997,16868,16,2,0,1
56,1867,Belveth,15,7,7,16219,25051,22070,64,2,1,1
57,1721,Sylas,5,11,11,10490,307,36037,18,0,1,0
58,1210,Zac,4,8,1,6408,1674,15875,18,0,0,0
59,2852,Sylas,20,16,18,22069,7475,53341,31,2,2,0
60,2302,Twitch,10,11,11,13375,21250,12203,148,1,0,0
61,2485,Twitch,10,10,7,15567,18563,18454,178,0,0,0
62,868,Caitlyn,4,8,10,8696,10722,3689,31,0,0,0
63,1686,Shen,3,2,9,9841,4124,9254,169,0,0,1
64,1598,Renekton,4,7,4,10553,8429,10296,164,0,0,0
65,1346,DrMundo,1,5,0,7309,4188,13768,152,0,0,0
66,1093,Olaf,8,1,6,10351,9873,9743,157,0,0,1
67,1256,Diana,11,10,18,13618,1517,7096,51,0,0,0
68,1240,Rengar,13,11,15,14351,18062,11232,23,0,0,1
69,2810,Darius,15,12,9,22197,31658,22514,300,1,0,1
70,1246,Vi,14,14,31,14839,43911,20648,23,0,0,0
71,1752,Jhin,5,10,6,10927,11272,10876,135,0,0,0
72,1144,Samira,22,5,1,14372,23149,15404,133,0,0,1
73,2133,Zeri,14,5,6,19117,27031,20948,260,0,0,1
74,1373,Caitlyn,2,7,5,8157,11526,8057,124,0,0,1
75,1665,Kayn,8,1,14,12858,16552,21937,38,4,0,1
76,2042,Jax,1,6,2,9798,8304,16987,179,0,0,0
77,2602,Jax,18,7,7,21147,29506,24519,192,0,0,1
78,1242,Darius,4,5,6,6590,5715,10275,86,0,0,0
79,907,Varus,2,10,9,9011,7305,8842,16,0,0,0
80,1562,Twitch,10,6,12,10933,7103,7705,31,1,0,1
81,1542,Twitch,8,3,17,10266,8829,6327,17,0,0,1
82,936,Viego,9,3,4,9761,15995,7168,100,0,0,1
83,1959,Kindred,5,11,3,11948,7421,13800,45,0,0,0
84,1430,Kindred,9,8,3,11325,12479,14378,44,0,0,0
85,1783,Ezreal,11,9,7,12952,15753,8840,136,0,0,0
86,1564,Gangplank,2,5,1,9094,12465,12691,160,0,0,0
87,1609,Kassadin,2,4,3,8624,730,14631,178,0,0,0
88,1750,Yone,0,9,3,7375,5557,15556,140,0,0,0
89,2018,Jax,3,9,9,13238,14357,13660,213,1,0,0
90,1616,Pyke,10,5,10,11688,12837,10275,41,0,0,1
91,1882,Pyke,15,4,9,13657,17568,14316,51,0,0,1
92,1257,Pyke,5,3,9,7221,9059,5110,26,0,0,1
93,1470,Pyke,4,4,11,8356,5494,7773,39,0,0,1
94,2120,Pyke,18,7,7,14823,19813,22271,65,0,0,0
95,1909,KSante,5,6,13,13637,15580,21753,193,0,0,1
96,939,Sion,1,0,7,6824,3160,8001,117,0,0,1
97,1802,Rammus,4,8,4,10427,1867,11489,174,0,0,0
98,1706,TahmKench,1,7,9,8926,2296,19760,154,0,0,0
99,1165,Garen,5,2,1,9635,6756,9682,134,0,0,1
100,1295,Morgana,4,4,16,8593,491,9761,13,0,0,1
101,1382,Vayne,1,6,3,8517,7245,8660,172,0,0,0
102,1253,Braum,2,7,9,6448,787,7476,30,0,0,0
103,1370,Kaisa,4,8,2,9895,9548,12393,171,0,0,0
104,1917,Nautilus,3,7,15,9638,2125,14614,50,0,0,1
105,1831,Swain,9,10,10,11106,1497,18923,53,0,0,0
106,2045,Swain,11,8,30,14050,1774,23052,43,0,0,1
107,1783,Swain,4,7,13,9716,1041,13325,26,0,0,0
108,2178,Swain,8,6,12,12073,1218,9510,38,0,0,0
109,1499,Swain,6,4,15,10103,822,6568,22,0,0,1
110,2306,Ornn,10,4,17,14693,10366,24579,212,0,0,0
111,1644,Viego,5,6,9,10785,11047,17006,25,1,0,0
112,1774,Lillia,4,13,6,11503,602,21398,66,1,0,0
113,1479,MonkeyKing,2,8,3,7564,7555,16224,23,2,0,0
114,1840,Lillia,6,2,5,13071,553,21609,46,2,1,1
115,1368,Bard,2,3,3,5620,1336,7383,13,0,0,0
116,1728,Karma,1,4,12,7092,1537,12744,10,0,0,1
117,1301,Swain,0,8,11,5848,967,9322,23,0,0,0
118,2116,Lux,12,9,11,13095,1043,8236,48,0,0,0
119,1499,Karma,4,5,5,8640,1836,15047,149,0,0,1
120,2489,Kennen,14,12,13,18386,1547,18970,193,0,0,1
121,1653,Gnar,5,7,5,12424,18769,15698,186,0,0,1
122,105,Kennen,0,0,0,500,36,292,0,0,0,0
123,1396,Camille,2,6,4,7659,8499,17483,133,0,0,1
124,1555,Kennen,11,3,3,12127,1858,8350,193,0,0,1
125,1163,Kennen,4,5,0,7170,1889,7041,138,0,0,0
126,1486,Akshan,8,8,5,10559,17438,8130,128,0,0,0
127,2121,Orianna,16,3,11,19095,1498,11926,261,0,0,0
128,1081,Xayah,7,7,18,12954,17695,2254,94,0,0,0
129,1727,Hecarim,13,3,3,16114,23300,26723,103,1,1,0
130,2201,Rengar,14,11,8,18532,29035,32353,104,3,0,0
131,1410,Rengar,8,4,7,14138,16049,17270,37,2,1,1
132,1104,Diana,12,16,12,13422,3340,19964,45,0,0,0
133,1132,Syndra,8,15,12,12505,332,13184,53,0,0,0
134,1375,Katarina,15,18,28,16779,1580,26368,38,0,0,1
135,2201,KSante,5,8,6,14139,17886,27410,208,0,0,1
136,1434,Sylas,6,8,0,9977,333,9894,160,0,0,0
137,1415,Varus,5,2,4,11720,11354,9219,183,0,0,1
138,1361,Syndra,8,5,2,11803,1206,6963,199,0,0,1
139,950,Nautilus,1,5,4,3910,992,3372,14,0,0,0
140,963,Ornn,7,9,23,10715,7172,18199,22,0,0,0
141,806,Xayah,7,6,18,10392,16649,4768,72,0,0,0
142,1070,Aatrox,15,9,16,13560,26932,18525,30,0,0,1
143,917,Sion,7,7,20,10999,8580,13435,27,0,0,1
144,1097,Zoe,24,8,23,17507,2342,12906,68,0,0,1
145,1652,Irelia,7,9,3,12223,13333,25725,227,0,0,0
146,1321,Irelia,8,1,3,12835,12954,13826,231,0,0,1
147,1210,Irelia,3,1,2,10271,5958,7748,192,0,0,1
148,1186,Irelia,9,3,3,10546,12092,7633,170,0,0,1
149,2067,Irelia,6,7,8,15065,32582,30011,259,0,0,1
150,1168,Xerath,5,3,7,7768,773,5744,122,0,0,1
151,1795,Ahri,2,8,9,10322,609,13148,199,0,0,0
152,1137,Malphite,4,7,3,7998,1334,8125,49,0,0,0
153,1686,Varus,3,10,6,9658,16970,7583,174,0,0,0
154,1853,Lux,3,7,7,11713,848,8560,219,0,0,0
155,1598,Akali,6,6,4,10076,918,16135,162,0,0,0
156,1493,Diana,7,2,10,11516,2051,11832,24,2,1,1
157,1508,Belveth,5,4,3,12156,6351,13346,54,2,1,1
158,1452,Ekko,8,3,8,11236,2796,15550,34,1,0,0
159,1589,Sylas,7,5,6,11685,1231,23403,35,3,1,1
160,1357,Jhin,3,5,12,8906,9883,5125,27,0,0,1
161,1828,Seraphine,3,2,16,12661,937,6873,247,0,0,1
162,2364,Jhin,13,17,16,16220,28127,17124,82,0,0,0
163,1427,Jhin,15,3,8,13183,20282,8121,58,1,0,1
164,1652,Hecarim,7,6,8,10903,15025,21701,52,1,0,1
165,1630,Talon,14,6,11,13865,24218,18907,31,1,1,1
166,1922,Talon,13,4,7,15943,28862,24308,56,0,1,0
167,1871,Talon,3,9,5,12359,19056,28504,69,1,0,0
168,968,Graves,3,5,1,6173,4676,8427,27,0,0,0
169,1979,Talon,7,11,12,14582,22659,21164,34,0,0,0
170,867,LeeSin,19,7,28,13647,28098,14435,39,0,0,1
171,828,Cassiopeia,11,8,19,11150,466,10768,44,0,0,0
172,1690,Jinx,19,15,24,21466,51889,12749,105,0,0,0
173,988,Varus,24,7,18,16514,11086,10935,44,0,0,1
174,1321,Camille,1,8,3,6312,5577,9468,131,0,0,0
175,1330,Udyr,8,10,30,15731,5592,19311,81,0,0,0
176,1289,Warwick,8,12,18,13453,14676,18128,31,0,0,1
177,1067,Yasuo,11,10,17,13256,17814,14786,82,0,0,1
178,1148,Neeko,12,11,21,14413,15464,15291,70,0,0,1
179,1784,Ashe,1,11,7,7881,6495,11370,19,0,0,0
180,1923,Teemo,21,7,3,19809,8909,16489,226,0,0,0
181,1454,Olaf,2,6,1,9204,11862,13570,188,0,0,0
182,1551,Viego,26,2,4,17331,28777,24067,73,4,0,1
183,1345,Yone,10,3,6,12560,10996,9998,166,0,0,1
184,1747,MasterYi,7,11,2,12420,16732,19718,31,0,1,0
185,2704,Kayn,8,11,13,19961,28845,35011,116,1,1,0
186,1986,Kassadin,24,5,5,19487,3612,27413,262,0,0,1
187,1453,Kayn,9,2,7,12793,18032,21118,33,3,1,1
188,2086,Kayn,10,11,14,18348,35783,31592,69,1,3,1
189,1267,Caitlyn,2,6,2,8836,9845,4690,178,0,0,1
190,1776,Sett,2,10,1,9319,10855,22625,166,0,0,0
191,2023,Sett,1,6,5,14252,18863,17938,260,0,0,1
192,966,Fiora,7,2,2,7851,9819,9791,122,0,0,1
193,1651,Fiora,6,9,5,11574,11666,23469,186,0,0,0
194,2007,Fiora,4,10,4,13499,11850,18229,220,0,0,0
195,1241,Fiora,6,5,5,10026,12058,16806,158,0,0,1
196,1685,Sett,8,11,4,11608,24194,13710,164,0,0,0
197,2045,Sett,8,10,9,16117,18089,18487,205,0,0,1
198,1429,Fiora,6,11,0,9664,14616,19125,131,0,0,0
199,1501,Zac,12,2,7,12991,2511,15729,144,0,0,1
200,2099,Ezreal,9,6,9,14587,22653,16348,212,0,0,0
201,981,Caitlyn,2,4,1,7076,5823,2377,139,0,0,0
202,1280,Seraphine,0,3,13,7434,950,5895,139,0,0,1
203,1640,Jhin,3,2,3,10757,8189,4605,190,0,0,0
204,1132,Zeri,0,9,7,5180,6205,11512,92,0,0,0
205,1863,Leona,1,9,17,8583,2149,13253,30,0,0,1
206,1155,Kaisa,7,5,6,8981,8158,8550,104,0,0,0
207,1292,Zeri,3,4,4,8234,6553,4893,153,0,0,0
208,913,Leona,0,2,7,4220,1206,3141,30,0,0,1
209,2583,Lux,3,7,31,12624,753,14979,70,0,0,0
210,1906,Jax,3,6,13,12643,11023,15796,190,0,0,1
211,1323,Yone,2,2,5,10186,8052,6485,193,1,0,1
212,1185,Mordekaiser,9,11,13,13520,2645,19651,72,0,0,0
213,618,KogMaw,4,7,7,7993,3119,9698,34,0,0,0
214,996,Fizz,8,9,17,11323,11356,28379,21,0,0,0
215,688,Aatrox,4,3,6,7723,9508,7103,48,0,0,0
216,1160,Akali,14,10,16,14392,988,14951,40,0,0,1
217,1078,Renekton,7,7,8,11935,19043,12625,38,0,0,0
218,1219,Nasus,12,11,16,16118,25902,29168,117,0,0,0
219,1271,Ornn,5,4,22,14366,7112,22115,45,0,0,1
220,1274,Lulu,0,2,2,3667,145,4816,1,0,0,0
221,1245,Lulu,1,2,16,5983,360,5999,3,0,0,1
222,2053,Nami,2,3,19,10223,223,5181,14,0,0,1
223,1142,Lulu,0,5,5,4665,645,5219,4,0,0,0
224,1740,Lulu,0,6,14,7727,321,4568,3,0,0,1
225,1721,Lulu,3,3,27,9702,606,8107,11,0,0,1
226,1568,Lulu,0,3,11,6390,527,5432,14,0,0,1
227,1913,Lulu,3,6,18,9113,962,7601,11,0,0,0
228,1627,Lulu,0,4,27,8949,477,4286,6,0,0,1
229,1017,Janna,0,1,1,3474,158,3506,10,0,0,0
230,1807,Kaisa,22,6,8,18201,28321,20522,213,0,1,1
231,976,Kaisa,0,3,1,4405,1515,2349,99,0,0,0
232,1553,Kaisa,14,4,3,13969,18314,9758,216,0,0,1
233,1779,Kaisa,14,5,11,15504,21162,12096,217,0,0,1
234,1644,Kaisa,5,4,9,10529,12238,6947,171,0,0,1
235,1444,Kalista,4,6,4,10231,6665,7246,188,0,0,0
236,1719,Lux,4,5,11,10796,726,5907,179,0,0,1
237,1323,Malphite,4,1,9,9059,2265,4317,124,0,0,1
238,1449,Caitlyn,11,8,5,13322,23819,10162,158,0,0,0
239,2065,Ezreal,5,6,8,11683,10600,7627,182,0,0,1
240,2099,Nasus,6,6,8,15234,17700,20645,230,0,0,1
241,1655,Kayle,1,6,5,9384,3977,13851,199,0,0,0
242,1659,Nasus,4,6,1,9301,12824,16915,185,1,0,0
243,1853,Nasus,5,2,7,13715,14488,21088,202,0,1,1
244,1570,Kayle,2,7,8,8823,4793,13009,123,0,0,1
245,1349,Nasus,3,3,0,7497,7023,10550,158,0,0,0
246,1891,Nasus,20,2,4,19383,34330,22420,226,0,0,1
247,1474,Nasus,10,5,5,12409,18119,16471,161,0,0,1
248,1827,Darius,4,7,4,12619,17142,18069,213,0,0,0
249,1132,Kayle,6,2,4,9691,6757,6976,145,0,0,1
250,1008,Zed,2,2,1,6581,8755,5369,163,0,0,0
251,976,Gnar,3,2,0,6427,10353,4040,135,0,0,1
252,1064,Zed,6,2,3,9911,9297,6735,165,0,0,1
253,2128,Jayce,6,7,11,16136,24425,11852,268,0,0,1
254,1163,Talon,5,1,4,8467,8046,5309,176,0,0,1
255,1490,Zed,17,3,7,16030,30564,13283,207,0,0,1
256,1895,Talon,7,8,4,12746,19518,16262,224,0,0,0
257,1681,Talon,10,7,2,12562,21469,13564,188,0,0,0
258,104,Talon,0,0,0,500,0,0,0,0,0,0
259,1549,Talon,3,6,0,8794,8468,14442,188,0,0,0
260,913,Lucian,9,4,13,12519,18865,5654,51,0,0,1
261,1031,Lux,12,6,17,12180,1231,9530,63,0,0,0
262,1151,Aphelios,11,6,15,14381,25830,8611,85,0,0,0
263,1101,Yasuo,5,9,21,12276,14262,11894,74,0,0,1
264,1140,Viktor,14,8,15,14616,343,4713,54,0,0,0
265,803,Ezreal,7,4,7,8794,11821,2606,24,0,0,0
266,2004,Leblanc,11,6,10,13376,1938,12929,168,0,0,1
267,1627,Zeri,8,9,16,15635,13567,14202,52,0,0,0
268,924,Karthus,7,5,34,11388,115,5804,48,0,0,1
269,1809,Akali,6,6,4,10958,1241,13009,156,0,0,1
270,1082,Nilah,6,12,27,13554,13529,8599,47,0,0,1
271,2401,Nilah,10,3,9,19979,45899,24306,309,1,0,1
272,2189,Shen,3,10,7,10323,13112,27253,124,0,0,0
273,2461,Malphite,3,10,12,11965,2601,15106,150,0,0,1
274,1847,Shen,4,10,10,8419,10261,21508,101,0,0,0
275,1316,Ezreal,24,12,25,17654,47852,13077,73,0,0,0
276,2413,Shen,7,6,25,14051,14826,40305,21,2,1,1
277,1532,Shen,3,7,2,7735,6504,21054,8,0,0,0
278,1126,Shen,11,7,32,14082,17943,26204,15,0,0,1
279,1172,Zed,17,14,11,14320,27145,10474,20,0,0,0
280,1082,Ekko,25,10,13,15632,4375,15744,24,0,0,1
281,2401,Morgana,6,6,10,11774,697,19882,56,0,0,1
282,2189,Veigar,8,11,6,14980,423,9532,205,0,0,0
283,2461,Kennen,11,11,8,15634,1764,11901,209,0,0,1
284,1847,Gragas,8,6,6,10442,1633,23186,27,0,0,0
285,2413,Veigar,10,7,17,16311,309,22145,270,1,0,1
286,1532,Veigar,3,8,2,10041,594,4905,190,0,0,0
287,1126,MasterYi,22,11,9,14919,28580,13306,24,0,0,1
288,1172,MissFortune,10,11,21,14938,21045,7467,101,0,0,0
289,1244,Lux,12,10,25,14529,1135,8575,53,0,0,1
290,1328,Heimerdinger,4,10,27,14382,320,12208,76,0,0,1
291,1640,Sejuani,2,15,40,16333,16770,44817,63,0,0,0
292,1074,Singed,2,11,17,10972,71,12679,39,0,0,0
293,1081,Senna,0,9,21,10812,8671,7442,32,0,0,0
294,1145,Teemo,3,8,16,11912,308,9931,68,0,0,1
295,1522,Malzahar,6,11,33,18236,626,11722,173,0,0,0
296,1158,Nidalee,7,8,20,13520,917,10701,24,0,0,1
297,1432,Ashe,0,6,18,13572,17252,5918,59,0,0,1
298,1264,Soraka,5,8,27,12403,487,11892,21,0,0,0
299,965,Shaco,0,7,9,8302,50,10534,13,0,0,0
300,1264,Seraphine,4,5,35,14200,1254,10095,73,0,0,1
301,574,Illaoi,6,5,13,8299,9835,6901,21,0,0,1
302,1097,Rell,11,7,37,13184,1990,16166,33,0,0,0
303,1047,Ashe,14,8,16,13700,26970,11815,64,0,0,0
304,771,LeeSin,9,7,10,9978,9479,6688,24,0,0,0
305,966,Kassadin,7,8,17,11268,759,11065,34,0,0,0
306,1021,Vex,6,6,14,12051,1416,7247,70,0,0,0
307,1267,Renata,2,5,39,13053,751,4098,28,0,0,1
308,1530,Sylas,12,12,32,16904,4665,25696,44,0,0,0
309,1131,Viktor,9,8,24,14492,119,3329,86,0,0,0
310,1169,Yorick,5,10,20,12652,15221,17949,50,0,0,0
311,869,Tristana,22,5,24,14268,27256,4218,59,0,0,1
312,1254,Graves,16,9,37,16263,34958,18664,58,0,0,0
313,1004,TahmKench,11,8,36,12926,4675,17937,27,0,0,1
314,1208,Janna,2,7,51,12714,1362,7935,6,0,0,1
315,1034,Sylas,7,5,16,12293,220,12382,41,0,0,1
316,840,MonkeyKing,8,4,16,13222,9221,8451,38,0,0,1
317,1238,Veigar,2,10,12,13150,195,13200,93,0,0,0
318,1543,Galio,13,14,31,18148,750,13634,80,0,0,1
319,919,Trundle,2,9,17,9306,6792,20949,27,0,0,0
320,1287,Zed,5,8,2,6673,10163,11248,89,0,0,0
321,1718,Syndra,6,8,2,11647,1158,8906,153,0,0,0
322,2461,Draven,18,7,10,24206,77384,22047,257,0,1,0
323,923,Samira,18,9,12,14303,28450,13501,54,0,0,1
324,1067,Zed,18,11,18,16110,38301,8823,87,0,0,1
325,1139,Shen,7,10,30,12980,24649,12717,14,0,0,1
326,1285,Zeri,9,14,18,14273,21315,20265,47,0,0,0
327,1145,Aatrox,13,15,20,15284,26270,30248,49,0,0,0
328,2004,Draven,11,9,10,16840,23633,18735,201,0,0,1
329,1450,Elise,15,0,2,11471,1433,12628,25,2,0,1
330,1312,Leona,5,13,20,13618,3485,30370,64,0,0,0
331,1287,Udyr,0,9,3,5808,5800,15908,6,0,0,0
332,1718,Udyr,6,9,3,12644,16947,15924,65,2,0,0
333,2461,Warwick,9,11,12,15789,16142,38004,49,4,0,0
334,1984,Udyr,11,4,7,16841,10754,16700,68,3,1,1
335,1067,Malphite,9,10,10,11625,2553,6818,17,0,0,1
336,1139,Olaf,6,15,19,11836,18957,7641,33,0,0,1
337,1285,DrMundo,15,11,19,15157,26262,57896,44,0,0,0
338,1378,Udyr,6,1,4,10290,10709,12114,25,2,0,1
339,1600,Udyr,4,3,4,11852,4916,12326,28,4,0,1
340,1312,Velkoz,20,8,15,16165,141,12497,49,0,0,0
341,854,LeeSin,9,9,10,9879,15532,13451,18,0,0,0
342,559,Leblanc,7,4,7,7892,1107,3158,19,0,0,0
343,899,Lissandra,4,12,13,9474,1172,10400,19,0,0,0
344,845,Ezreal,13,3,21,11054,12245,5671,30,0,0,1
345,889,FiddleSticks,11,9,6,11598,390,8982,47,0,0,0
346,1220,Leblanc,4,4,3,6739,1149,5178,65,0,0,0
347,1901,Kaisa,14,10,3,14473,22106,13057,123,0,0,0
348,2257,Ezreal,20,12,7,18676,27180,22800,130,0,0,1
349,1382,Lillia,19,13,25,17573,410,20527,55,0,0,1
350,1312,Lillia,7,7,15,13686,405,13384,53,0,0,0
351,970,TwistedFate,2,4,13,10268,657,5411,42,0,0,0
352,1160,Pyke,14,6,17,13526,17073,10413,10,0,0,0
353,1503,Nautilus,12,10,26,16188,6512,26695,24,0,0,0
354,1070,Lux,2,4,37,11030,858,4572,29,0,0,0
355,1228,Nidalee,18,5,37,16181,173,4645,32,0,0,1
356,1568,Soraka,1,8,44,15348,43,2947,14,0,0,1
357,1525,Ziggs,20,8,41,19043,640,7308,63,0,0,1
358,1041,Pyke,14,5,25,13531,18495,5623,14,0,0,1
359,1052,Nautilus,5,10,18,10662,3289,10611,11,0,0,0
360,1992,Camille,10,4,12,13986,17880,20500,174,0,0,1
361,1833,Camille,3,7,4,10498,8248,15839,145,0,1,0
362,1302,Gwen,9,1,3,11310,2805,10867,172,0,0,1
363,1497,Camille,15,4,10,13760,16111,11709,128,0,0,1
364,1598,KSante,2,2,2,9636,11906,11838,194,0,0,1
365,1215,Riven,7,0,2,9555,11257,9246,187,0,0,1
366,1414,Riven,7,3,4,11909,12913,13670,196,0,0,1
367,1450,Gangplank,3,5,3,11057,11783,15404,193,0,0,1
368,1891,KSante,4,8,10,11630,9551,11268,177,0,0,1
369,1290,Riven,2,1,0,7332,5596,8058,143,0,0,0
370,1567,Gangplank,1,3,5,10195,13309,6307,181,0,0,0
371,1840,Gangplank,5,3,5,17347,19596,9256,247,0,0,1
372,1019,Riven,5,0,4,9095,9784,7624,145,0,0,1
373,1568,KSante,2,3,1,9241,10984,9499,209,0,0,0
374,2003,Fiora,8,7,14,14846,19513,17923,230,0,0,1
375,1417,Viego,8,1,8,12110,16129,16401,35,1,1,1
376,2708,Zac,4,8,19,14307,1034,34507,57,1,0,0
377,1421,Zac,9,1,10,11513,1147,18846,25,2,1,1
378,2641,Zac,8,6,21,16603,1294,38074,53,1,0,1
379,1569,Zac,0,9,6,6995,667,14672,20,0,0,0
380,1348,Zac,4,1,9,9370,664,16816,16,1,1,1
381,2022,Zac,7,2,16,14587,1868,28320,102,1,0,0
382,1612,Zac,4,0,7,10826,449,21990,33,2,1,1
383,2531,Zac,7,13,17,14024,1327,36673,13,4,1,1
384,1355,Zac,4,1,9,9363,1073,20011,30,1,1,1
385,1413,Vi,3,5,7,8044,8120,13328,28,1,0,0
386,969,Viego,2,5,3,5698,5479,8432,8,0,0,0
387,2066,Zac,10,6,27,15645,1486,32191,55,0,1,1
388,1215,Zac,1,2,0,5389,1237,12528,113,0,0,0
389,1059,Zac,2,1,9,7113,760,12046,14,0,0,1
390,1427,Samira,3,6,3,9044,11778,7095,189,0,0,0
391,1760,KogMaw,9,10,3,12741,20544,17704,174,0,0,0
392,1242,Caitlyn,4,4,7,9384,10646,5068,189,0,0,1
393,1615,Aphelios,1,14,4,8319,11501,10292,135,0,0,0
394,993,Xayah,4,2,0,6132,4981,4872,119,0,0,0
395,2129,Kaisa,7,13,10,14422,20542,12121,201,0,0,0
396,1268,Lucian,0,8,1,5794,5879,8823,124,0,0,0
397,1869,Samira,11,8,13,16316,22873,14806,234,0,0,1
398,2458,Jhin,10,10,16,18193,40069,22125,210,0,0,1
399,1749,Aphelios,7,10,7,12764,18649,12442,167,0,0,1
400,1707,Lucian,15,6,12,17981,25045,13753,222,0,0,1
401,1741,Caitlyn,2,10,8,10614,14970,10083,209,0,0,0
402,2016,Kaisa,3,10,6,13152,9987,13694,225,1,0,1
403,1086,KogMaw,10,4,5,10467,10068,6409,158,0,0,1
404,961,Samira,10,2,8,11043,14577,6056,144,0,0,1
405,2152,Renata,3,5,14,9985,1652,12663,30,0,0,0
406,1679,Lux,2,9,17,8667,1528,7254,38,0,0,1
407,1310,Pyke,2,9,5,5838,4418,7200,26,0,0,0
408,1578,Senna,3,5,25,10730,25964,14462,42,0,0,1
409,1839,Lux,5,12,5,9338,811,16366,30,1,0,0
410,1540,Pyke,11,5,14,10386,7982,10280,31,0,0,1
411,914,Karma,0,2,0,3711,316,3939,70,0,0,0
412,1455,Nami,3,3,21,8876,905,7136,14,0,0,1
413,1101,Lux,7,2,18,8724,1308,3680,26,0,0,1
414,1274,Pyke,1,11,7,5372,5310,10066,28,0,0,0
415,1431,Alistar,2,7,15,7145,796,9558,30,0,0,1
416,1162,Karma,1,2,9,7070,1532,7811,120,0,0,1
417,1987,Pyke,5,4,8,9661,5835,9560,33,0,0,1
418,1478,Lulu,2,6,7,6189,992,5098,11,0,0,0
419,1329,Heimerdinger,0,11,9,5820,626,11783,17,0,0,0
420,1720,Swain,10,6,17,13618,2954,19806,202,0,0,1
421,1147,Swain,10,2,6,10967,2385,5629,165,0,0,1
422,1543,Swain,6,9,3,10031,1792,11463,166,0,0,0
423,1193,Swain,3,5,5,7619,1396,11907,139,0,0,0
424,1078,Swain,10,2,12,9830,2791,13568,112,0,0,1
425,1305,Ashe,2,6,4,7680,8592,8807,165,0,0,0
426,1450,Swain,5,9,2,8702,453,14672,107,0,0,0
427,1098,Swain,14,1,2,10686,3318,11370,134,0,0,1
428,1538,Akali,2,6,5,8733,918,11845,188,0,0,0
429,2708,Taliyah,6,10,16,18362,483,26840,307,0,0,0
430,1546,Sylas,5,4,9,10228,398,19330,161,0,0,0
431,1840,Swain,4,4,18,10475,1868,21983,134,0,0,1
432,2047,Sion,4,6,12,11695,16491,29320,204,0,0,0
433,1552,Ashe,11,3,19,14579,23425,9071,186,0,0,1
434,1677,Sylas,8,8,9,11523,605,19016,148,0,0,0
435,1535,Orianna,12,3,9,14057,1976,9326,171,0,0,1
436,2299,Akali,5,11,13,13521,1338,26279,201,0,0,1
437,1471,Kassadin,3,6,1,8399,530,14268,160,0,0,0
438,914,Kassadin,0,2,0,4627,157,4760,123,0,0,0
439,1501,Kassadin,13,3,6,14725,3606,14544,221,0,1,1
440,1669,Kassadin,7,5,3,12761,1458,16248,232,0,0,1
441,923,Akali,2,2,0,5104,681,5565,115,0,0,0
442,1546,Kassadin,7,4,7,9814,2122,12185,149,0,0,1
443,1834,Akali,7,5,8,12407,731,18667,206,0,0,0
444,741,Viktor,1,2,1,2561,295,1296,22,0,0,0
445,2042,Nautilus,1,9,24,9976,2917,13771,43,0,0,0
446,1918,Nautilus,0,4,18,8076,3734,15862,29,0,0,0
447,1315,Akali,8,1,4,11503,1675,7484,189,0,0,1
448,1101,Leblanc,9,0,8,9205,999,4694,125,0,0,1
449,1448,Akali,13,2,6,13252,1415,12114,210,0,0,1
450,1369,Sylas,5,8,4,8534,588,14468,15,0,0,0
451,1163,Sylas,0,9,4,5354,195,16093,17,0,0,0
452,993,Karma,5,4,1,6798,3320,8706,105,0,0,1
453,1737,Sylas,6,9,8,11407,345,28276,14,1,0,0
454,1373,Karthus,2,9,4,8424,124,12578,45,0,0,0
455,1448,Sylas,7,7,6,8917,307,20477,93,0,0,1
456,1372,Diana,10,4,7,12788,3113,12679,35,1,1,1
457,1781,Viego,7,2,6,13383,16735,18962,22,2,1,1
458,1928,Diana,7,12,4,13265,3138,23016,53,1,0,0
459,1930,Zed,5,5,7,12808,19252,19008,44,1,0,0
460,1150,Nidalee,1,8,5,5818,910,16624,14,0,0,0
461,955,Zed,7,1,4,7996,6319,6891,23,1,0,1
462,1865,Nidalee,16,7,6,14464,2061,17764,35,3,0,0
463,1456,Graves,16,2,6,16507,27224,17586,59,2,0,1
464,1397,Sylas,6,6,7,10772,186,21302,11,0,1,1
465,903,Talon,2,3,3,5540,3955,6813,98,0,0,1
466,1471,Kassadin,4,6,2,9109,1076,16924,174,0,0,0
467,1741,Sylas,5,3,7,13416,673,12402,266,0,0,1
468,1398,JarvanIV,1,8,5,6389,6212,12003,36,0,0,0
469,912,Sylas,3,0,3,7089,116,4370,123,0,0,1
470,1529,Sylas,1,11,3,7158,774,20339,123,0,0,0
471,2007,JarvanIV,3,10,33,11481,8158,15367,27,0,0,1
472,1238,Ekko,8,4,3,10347,2537,8705,143,0,0,1
473,1368,Kassadin,8,3,6,10134,1502,12357,164,0,0,1
474,916,Ekko,3,4,1,5919,1347,6792,117,0,0,0
475,2132,Akali,14,13,6,13612,1042,28204,152,0,0,1
476,1501,Ekko,6,3,6,11623,2387,12147,205,0,1,1
477,2053,Ekko,19,8,7,19879,3785,25569,214,0,0,1
478,1307,Sylas,4,0,1,10225,0,5391,211,0,0,1
479,499,JarvanIV,0,0,3,2327,519,656,0,0,0,0
480,745,Janna,0,4,1,2665,619,3437,5,0,0,0
481,1991,Janna,2,7,29,10102,1357,10099,15,0,0,1
482,1458,Janna,5,3,19,8298,1278,7618,14,0,0,1
483,1360,Janna,1,5,22,8059,911,7701,7,0,0,1
484,1506,Janna,1,3,20,8438,1587,7737,16,0,0,1
485,1211,Janna,4,1,11,6887,1311,3589,7,0,0,1
486,1441,Janna,1,2,22,8322,829,5062,12,0,0,1
487,2062,Janna,1,7,21,9729,1342,14257,20,0,0,1
488,1909,Nami,4,5,18,9038,1220,8549,13,0,0,0
489,2118,Nami,3,9,24,10251,1097,8372,14,0,0,1
490,662,Nami,0,3,1,2371,536,1966,7,0,0,0
491,1113,Nami,2,2,14,6935,1061,3831,9,0,0,1
492,1679,Nami,5,6,26,9842,2137,9754,11,0,0,1
493,1660,Nami,4,5,14,8254,1616,9174,14,0,0,0
494,2053,Nami,0,9,17,9136,1548,10368,17,0,0,0
495,2105,Lillia,21,6,15,20255,3754,37203,92,2,0,0
496,1301,Hecarim,11,12,5,10151,13222,21300,53,0,0,0
497,1497,Graves,0,4,4,8831,7606,14487,47,0,0,0
498,1729,Ekko,9,7,8,12229,3542,21012,32,1,0,0
499,1744,Hecarim,11,3,8,15038,18078,25725,50,2,1,1
500,1215,Hecarim,5,5,4,8213,7383,14624,68,1,0,0
501,281,Hecarim,0,1,0,1432,427,3010,2,0,0,0
502,1816,Lillia,7,6,6,14133,1197,26035,58,0,1,0
503,1819,Hecarim,6,6,10,13569,14400,26108,62,1,1,1
504,947,Hecarim,1,8,1,4688,4191,12647,18,0,0,0
505,1401,Lillia,9,3,10,11237,2188,19676,29,1,1,1
506,1474,Hecarim,7,6,10,10374,11980,16668,91,0,0,1
507,1645,Lillia,9,8,11,13216,1546,25292,63,1,0,0
508,1225,Hecarim,7,4,6,9816,12618,25929,34,1,0,1
509,1401,Lillia,12,1,5,12446,2251,24140,45,2,1,1
510,1151,Darius,3,3,1,7952,7485,8380,145,0,0,0
511,1504,Urgot,6,6,6,10900,12282,10861,174,0,0,0
512,1271,Malphite,7,1,6,10348,5268,7416,156,0,0,1
513,745,Udyr,1,1,3,4792,1422,5591,104,0,0,1
514,1376,DrMundo,0,3,1,8308,2721,18057,154,0,0,0
515,1512,Sett,6,6,3,10963,13360,15318,156,0,0,1
516,1585,Urgot,10,4,6,12877,24295,16171,180,1,0,1
517,1442,Urgot,5,1,4,11088,8883,9192,172,0,0,1
518,1469,Udyr,1,9,4,8148,2229,13462,177,0,0,0
519,1658,Mordekaiser,4,7,7,10215,1965,16635,165,1,0,1
520,1475,Darius,3,7,1,8583,5852,11283,171,0,0,0
521,1838,Darius,2,10,6,10158,9986,14726,155,1,0,0
522,1929,DrMundo,2,9,4,11315,10776,47192,204,0,0,0
523,1385,Mordekaiser,1,6,0,7097,1395,11080,152,0,0,0
524,1909,Darius,4,7,8,13682,10808,14485,245,0,0,1
525,1923,Ekko,0,6,7,10890,3106,12329,212,0,0,0
526,1330,Ezreal,5,3,8,9333,11367,5154,153,0,0,1
527,745,Caitlyn,6,1,4,7128,6448,2689,103,0,0,1
528,1912,Janna,0,7,12,7493,689,9949,26,0,0,0
529,1292,Yuumi,2,5,4,5944,1169,5860,3,0,0,0
530,1853,Senna,4,8,20,10543,22807,11057,27,0,0,0
531,2045,Blitzcrank,0,12,8,7657,1993,12147,40,0,0,0
532,1533,Karma,3,8,11,8118,1461,10984,33,0,0,0
533,1324,Karma,1,4,12,7389,1119,8855,25,0,0,1
534,1316,Senna,1,13,3,6645,6397,10839,16,0,0,0
535,1550,Senna,6,7,25,11531,25389,12848,25,1,0,1
536,1411,Senna,2,3,13,7912,15641,7204,13,1,0,1
537,1567,Yuumi,2,6,17,7199,841,2184,5,0,0,0
538,1239,Samira,0,9,5,5985,4628,7425,118,0,0,0
539,1342,Lucian,7,8,8,9804,12610,9553,137,0,0,1
540,108,Thresh,0,0,0,500,0,0,0,0,0,0
541,2241,Thresh,3,11,20,10545,1920,20164,35,0,0,0
542,1582,Thresh,0,8,23,7582,1344,7651,21,0,0,1
543,1595,Thresh,0,6,11,7130,1019,9245,32,0,0,1
544,1517,Thresh,1,3,13,6869,854,5821,28,0,0,1
545,1550,Thresh,4,3,15,8078,1396,9185,33,0,0,1
546,1782,Thresh,2,5,16,9026,2069,9403,39,0,0,1
547,1485,Thresh,0,5,10,6641,1076,6970,30,0,0,1
548,1933,Thresh,0,9,26,9012,1310,10196,43,0,0,1
549,1613,Thresh,0,6,15,7639,928,12469,36,0,0,1
550,1743,Nami,2,4,20,8922,857,9541,14,0,0,1
551,1528,Thresh,6,9,25,9962,931,9793,26,0,0,1
552,1314,Thresh,3,6,12,6834,1182,6678,28,0,0,1
553,1330,Thresh,2,3,14,6702,1961,5410,25,0,0,1
554,1346,Thresh,1,6,23,7506,1452,4564,31,0,0,1
555,1646,Sett,0,7,1,10274,10632,17747,188,0,0,1
556,1776,Sett,2,10,1,9319,10855,22625,166,0,0,0
557,2023,Sett,1,6,5,14252,18863,17938,260,0,0,1
558,966,Fiora,7,2,2,7851,9819,9791,122,0,0,1
559,1651,Fiora,6,9,5,11574,11666,23469,186,0,0,0
560,2007,Fiora,4,10,4,13499,11850,18229,220,0,0,0
561,1241,Fiora,6,5,5,10026,12058,16806,158,0,0,1
562,1685,Sett,8,11,4,11608,24194,13710,164,0,0,0
563,2045,Sett,8,10,9,16117,18089,18487,205,0,0,1
564,1429,Fiora,6,11,0,9664,14616,19125,131,0,0,0
565,1501,Zac,12,2,7,12991,2511,15729,144,0,0,1
566,1620,Fiora,10,4,6,13513,19826,16813,201,0,0,0
567,1619,DrMundo,6,5,5,12079,10393,30291,205,0,0,1
568,1699,Fiora,14,3,4,14357,21340,22759,179,0,0,1
569,2294,Fiora,6,10,5,16187,21626,20138,249,0,0,1
570,108,Irelia,0,0,0,520,202,450,1,0,0,1
571,1626,Irelia,11,3,3,16240,17205,18114,268,0,0,1
572,1726,Zed,10,4,16,17495,33265,12719,240,0,0,1
573,1346,Tristana,0,1,0,7997,5829,5234,151,0,0,0
574,1531,Irelia,20,3,7,18548,32301,26364,221,0,0,1
575,1719,Irelia,2,5,12,8148,1897,11990,60,0,0,1
576,1288,Irelia,14,5,5,14754,23468,13916,193,0,0,1
577,1180,Kassadin,1,2,0,7313,559,12693,171,0,0,0
578,1638,Irelia,13,5,11,16835,16964,17729,255,0,0,1
579,1484,Irelia,8,5,2,14303,12546,18863,228,0,0,1
580,1052,Irelia,4,6,0,6382,8689,6120,115,0,0,0
581,1342,Irelia,13,2,2,12131,17851,12400,204,0,0,1
582,1439,Irelia,7,6,3,13473,15670,12153,203,0,0,0
583,1742,Zed,8,7,8,14077,24490,16018,234,0,0,1
584,1841,Irelia,24,4,8,22617,37317,25762,276,0,0,1
585,1246,Jinx,7,1,5,11458,10402,5022,165,0,0,1
586,1424,Syndra,4,6,3,8181,1161,4913,149,1,0,0
587,1180,Sivir,7,3,6,10048,8919,6315,147,0,0,1
588,1685,Jinx,8,5,7,11906,17285,12745,175,1,0,1
589,2045,Jinx,7,8,2,12918,14159,10403,205,0,0,0
590,1589,Sivir,12,4,13,14263,20866,9562,216,0,0,1
591,1257,Jinx,2,6,4,6640,7102,8318,121,0,0,0
592,1637,Jinx,2,7,9,8846,9873,9346,154,0,0,0
593,1385,Jinx,4,7,2,8732,5992,6387,140,0,0,1
594,1061,Jinx,4,3,4,7260,7046,6271,122,0,0,1
595,1779,Jinx,12,2,9,15605,21216,5094,192,0,0,1
596,1256,Jinx,0,7,2,5150,5121,7448,109,0,0,0
597,1372,Jinx,1,6,1,7067,4359,5511,140,0,0,0
598,1539,Jinx,5,8,5,9200,15425,10212,145,0,0,0
599,1898,Jinx,7,10,14,13447,23772,14227,156,0,0,1
600,903,LeeSin,4,1,4,7445,5706,9570,9,1,0,1
601,1776,Ekko,20,6,11,17446,3448,22469,35,2,1,1
602,474,Diana,2,1,0,3269,459,3920,13,0,0,0
603,1236,Diana,7,0,4,9815,1589,11621,16,3,0,1
604,2023,Zed,4,8,9,13178,16491,26831,54,1,1,0
605,1150,Elise,12,2,6,12051,1578,9499,38,2,0,1
606,758,Rumble,24,5,21,13941,2194,10544,50,0,0,1
607,738,Zed,24,4,13,13209,26431,3942,49,0,0,1
608,1680,Elise,19,3,3,18306,2184,14516,52,2,0,1
609,1405,RekSai,12,3,11,12717,16098,11502,11,0,1,1
610,1971,Kayn,6,7,21,14942,24016,35696,54,2,1,1
611,2153,LeeSin,11,9,15,16159,20172,26846,66,0,0,0
612,1274,XinZhao,2,4,1,6958,5360,14173,36,0,0,0
613,1372,XinZhao,11,4,8,13162,16970,21268,36,2,0,1
614,1591,Ekko,4,9,2,10155,1449,15834,31,0,0,0
615,903,Talon,2,3,3,5540,3955,6813,98,0,0,1
616,1471,Kassadin,4,6,2,9109,1076,16924,174,0,0,0
617,1741,Sylas,5,3,7,13416,673,12402,266,0,0,1
618,1398,JarvanIV,1,8,5,6389,6212,12003,36,0,0,0
619,912,Sylas,3,0,3,7089,116,4370,123,0,0,1
620,1529,Sylas,1,11,3,7158,774,20339,123,0,0,0
621,2007,JarvanIV,3,10,33,11481,8158,15367,27,0,0,1
622,1238,Ekko,8,4,3,10347,2537,8705,143,0,0,1
623,1368,Kassadin,8,3,6,10134,1502,12357,164,0,0,1
624,916,Ekko,3,4,1,5919,1347,6792,117,0,0,0
625,2132,Akali,14,13,6,13612,1042,28204,152,0,0,1
626,1501,Ekko,6,3,6,11623,2387,12147,205,0,1,1
627,2053,Ekko,19,8,7,19879,3785,25569,214,0,0,1
628,1307,Sylas,4,0,1,10225,0,5391,211,0,0,1
629,499,JarvanIV,0,0,3,2327,519,656,0,0,0,0
630,745,Janna,0,4,1,2665,619,3437,5,0,0,0
631,1991,Janna,2,7,29,10102,1357,10099,15,0,0,1
632,1458,Janna,5,3,19,8298,1278,7618,14,0,0,1
633,1360,Janna,1,5,22,8059,911,7701,7,0,0,1
634,1506,Janna,1,3,20,8438,1587,7737,16,0,0,1
635,1211,Janna,4,1,11,6887,1311,3589,7,0,0,1
636,1441,Janna,1,2,22,8322,829,5062,12,0,0,1
637,2062,Janna,1,7,21,9729,1342,14257,20,0,0,1
638,1909,Nami,4,5,18,9038,1220,8549,13,0,0,0
639,2118,Nami,3,9,24,10251,1097,8372,14,0,0,1
640,662,Nami,0,3,1,2371,536,1966,7,0,0,0
641,1113,Nami,2,2,14,6935,1061,3831,9,0,0,1
642,1679,Nami,5,6,26,9842,2137,9754,11,0,0,1
643,1660,Nami,4,5,14,8254,1616,9174,14,0,0,0
644,2053,Nami,0,9,17,9136,1548,10368,17,0,0,0
645,2105,Lillia,21,6,15,20255,3754,37203,92,2,0,0
646,1301,Hecarim,11,12,5,10151,13222,21300,53,0,0,0
647,1497,Graves,0,4,4,8831,7606,14487,47,0,0,0
648,1729,Ekko,9,7,8,12229,3542,21012,32,1,0,0
649,1744,Hecarim,11,3,8,15038,18078,25725,50,2,1,1
650,1215,Hecarim,5,5,4,8213,7383,14624,68,1,0,0
651,281,Hecarim,0,1,0,1432,427,3010,2,0,0,0
652,1816,Lillia,7,6,6,14133,1197,26035,58,0,1,0
653,1819,Hecarim,6,6,10,13569,14400,26108,62,1,1,1
654,947,Hecarim,1,8,1,4688,4191,12647,18,0,0,0
655,1401,Lillia,9,3,10,11237,2188,19676,29,1,1,1
656,1474,Hecarim,7,6,10,10374,11980,16668,91,0,0,1
657,1645,Lillia,9,8,11,13216,1546,25292,63,1,0,0
658,1225,Hecarim,7,4,6,9816,12618,25929,34,1,0,1
659,1401,Lillia,12,1,5,12446,2251,24140,45,2,1,1
660,983,DrMundo,0,1,1,6468,610,6613,128,0,0,1
661,1151,Darius,3,3,1,7952,7485,8380,145,0,0,0
662,1504,Urgot,6,6,6,10900,12282,10861,174,0,0,0
663,1271,Malphite,7,1,6,10348,5268,7416,156,0,0,1
664,745,Udyr,1,1,3,4792,1422,5591,104,0,0,1
665,1376,DrMundo,0,3,1,8308,2721,18057,154,0,0,0
666,1512,Sett,6,6,3,10963,13360,15318,156,0,0,1
667,1585,Urgot,10,4,6,12877,24295,16171,180,1,0,1
668,1442,Urgot,5,1,4,11088,8883,9192,172,0,0,1
669,1469,Udyr,1,9,4,8148,2229,13462,177,0,0,0
670,1658,Mordekaiser,4,7,7,10215,1965,16635,165,1,0,1
671,1475,Darius,3,7,1,8583,5852,11283,171,0,0,0
672,1838,Darius,2,10,6,10158,9986,14726,155,1,0,0
673,1929,DrMundo,2,9,4,11315,10776,47192,204,0,0,0
674,1385,Mordekaiser,1,6,0,7097,1395,11080,152,0,0,0
675,983,Lucian,0,2,4,6060,3133,2746,117,0,0,1
676,1923,Ekko,0,6,7,10890,3106,12329,212,0,0,0
677,1330,Ezreal,5,3,8,9333,11367,5154,153,0,0,1
678,745,Caitlyn,6,1,4,7128,6448,2689,103,0,0,1
679,1912,Janna,0,7,12,7493,689,9949,26,0,0,0
680,1292,Yuumi,2,5,4,5944,1169,5860,3,0,0,0
681,1853,Senna,4,8,20,10543,22807,11057,27,0,0,0
682,2045,Blitzcrank,0,12,8,7657,1993,12147,40,0,0,0
683,1533,Karma,3,8,11,8118,1461,10984,33,0,0,0
684,1324,Karma,1,4,12,7389,1119,8855,25,0,0,1
685,1316,Senna,1,13,3,6645,6397,10839,16,0,0,0
686,1550,Senna,6,7,25,11531,25389,12848,25,1,0,1
687,1411,Senna,2,3,13,7912,15641,7204,13,1,0,1
688,1567,Yuumi,2,6,17,7199,841,2184,5,0,0,0
689,1239,Samira,0,9,5,5985,4628,7425,118,0,0,0
690,983,Thresh,2,3,2,3926,666,2787,16,0,0,0
691,108,Thresh,0,0,0,500,0,0,0,0,0,0
692,2241,Thresh,3,11,20,10545,1920,20164,35,0,0,0
693,1582,Thresh,0,8,23,7582,1344,7651,21,0,0,1
694,1595,Thresh,0,6,11,7130,1019,9245,32,0,0,1
695,1517,Thresh,1,3,13,6869,854,5821,28,0,0,1
696,1550,Thresh,4,3,15,8078,1396,9185,33,0,0,1
697,1782,Thresh,2,5,16,9026,2069,9403,39,0,0,1
698,1485,Thresh,0,5,10,6641,1076,6970,30,0,0,1
699,1933,Thresh,0,9,26,9012,1310,10196,43,0,0,1
700,1613,Thresh,0,6,15,7639,928,12469,36,0,0,1
701,1743,Nami,2,4,20,8922,857,9541,14,0,0,1
702,1528,Thresh,6,9,25,9962,931,9793,26,0,0,1
703,1314,Thresh,3,6,12,6834,1182,6678,28,0,0,1
704,1330,Thresh,2,3,14,6702,1961,5410,25,0,0,1
705,983,Aatrox,3,2,0,7128,10045,5212,126,0,0,0
706,1646,Sett,0,7,1,10274,10632,17747,188,0,0,1
707,1776,Sett,2,10,1,9319,10855,22625,166,0,0,0
708,2023,Sett,1,6,5,14252,18863,17938,260,0,0,1
709,966,Fiora,7,2,2,7851,9819,9791,122,0,0,1
710,1651,Fiora,6,9,5,11574,11666,23469,186,0,0,0
711,2007,Fiora,4,10,4,13499,11850,18229,220,0,0,0
712,1241,Fiora,6,5,5,10026,12058,16806,158,0,0,1
713,1685,Sett,8,11,4,11608,24194,13710,164,0,0,0
714,2045,Sett,8,10,9,16117,18089,18487,205,0,0,1
715,1429,Fiora,6,11,0,9664,14616,19125,131,0,0,0
716,1501,Zac,12,2,7,12991,2511,15729,144,0,0,1
717,1620,Fiora,10,4,6,13513,19826,16813,201,0,0,0
718,1619,DrMundo,6,5,5,12079,10393,30291,205,0,0,1
719,1699,Fiora,14,3,4,14357,21340,22759,179,0,0,1
720,983,Irelia,2,3,0,4395,3706,6038,60,0,0,0
721,108,Irelia,0,0,0,520,202,450,1,0,0,1
722,1626,Irelia,11,3,3,16240,17205,18114,268,0,0,1
723,1726,Zed,10,4,16,17495,33265,12719,240,0,0,1
724,1346,Tristana,0,1,0,7997,5829,5234,151,0,0,0
725,1531,Irelia,20,3,7,18548,32301,26364,221,0,0,1
726,1719,Irelia,2,5,12,8148,1897,11990,60,0,0,1
727,1288,Irelia,14,5,5,14754,23468,13916,193,0,0,1
728,1180,Kassadin,1,2,0,7313,559,12693,171,0,0,0
729,1638,Irelia,13,5,11,16835,16964,17729,255,0,0,1
730,1484,Irelia,8,5,2,14303,12546,18863,228,0,0,1
731,1052,Irelia,4,6,0,6382,8689,6120,115,0,0,0
732,1342,Irelia,13,2,2,12131,17851,12400,204,0,0,1
733,1439,Irelia,7,6,3,13473,15670,12153,203,0,0,0
734,1742,Zed,8,7,8,14077,24490,16018,234,0,0,1
735,983,Varus,0,3,3,5477,3227,4361,131,0,0,0
736,1246,Jinx,7,1,5,11458,10402,5022,165,0,0,1
737,1424,Syndra,4,6,3,8181,1161,4913,149,1,0,0
738,1180,Sivir,7,3,6,10048,8919,6315,147,0,0,1
739,1685,Jinx,8,5,7,11906,17285,12745,175,1,0,1
740,2045,Jinx,7,8,2,12918,14159,10403,205,0,0,0
741,1589,Sivir,12,4,13,14263,20866,9562,216,0,0,1
742,1257,Jinx,2,6,4,6640,7102,8318,121,0,0,0
743,1637,Jinx,2,7,9,8846,9873,9346,154,0,0,0
744,1385,Jinx,4,7,2,8732,5992,6387,140,0,0,1
745,1061,Jinx,4,3,4,7260,7046,6271,122,0,0,1
746,1779,Jinx,12,2,9,15605,21216,5094,192,0,0,1
747,1256,Jinx,0,7,2,5150,5121,7448,109,0,0,0
748,1372,Jinx,1,6,1,7067,4359,5511,140,0,0,0
749,1539,Jinx,5,8,5,9200,15425,10212,145,0,0,0
750,983,Ekko,1,1,1,4816,727,5201,15,1,0,0
751,903,LeeSin,4,1,4,7445,5706,9570,9,1,0,1
752,1776,Ekko,20,6,11,17446,3448,22469,35,2,1,1
753,474,Diana,2,1,0,3269,459,3920,13,0,0,0
754,1236,Diana,7,0,4,9815,1589,11621,16,3,0,1
755,2023,Zed,4,8,9,13178,16491,26831,54,1,1,0
756,1150,Elise,12,2,6,12051,1578,9499,38,2,0,1
757,758,Rumble,24,5,21,13941,2194,10544,50,0,0,1
758,738,Zed,24,4,13,13209,26431,3942,49,0,0,1
759,1680,Elise,19,3,3,18306,2184,14516,52,2,0,1
760,1405,RekSai,12,3,11,12717,16098,11502,11,0,1,1
761,1971,Kayn,6,7,21,14942,24016,35696,54,2,1,1
762,2153,LeeSin,11,9,15,16159,20172,26846,66,0,0,0
763,1274,XinZhao,2,4,1,6958,5360,14173,36,0,0,0
764,1372,XinZhao,11,4,8,13162,16970,21268,36,2,0,1
765,2258,LeeSin,9,6,9,16585,17533,18288,45,1,2,1
766,1369,Sylas,5,8,4,8534,588,14468,15,0,0,0
767,1163,Sylas,0,9,4,5354,195,16093,17,0,0,0
768,993,Karma,5,4,1,6798,3320,8706,105,0,0,1
769,1737,Sylas,6,9,8,11407,345,28276,14,1,0,0
770,1373,Karthus,2,9,4,8424,124,12578,45,0,0,0
771,1448,Sylas,7,7,6,8917,307,20477,93,0,0,1
772,1372,Diana,10,4,7,12788,3113,12679,35,1,1,1
773,1781,Viego,7,2,6,13383,16735,18962,22,2,1,1
774,1928,Diana,7,12,4,13265,3138,23016,53,1,0,0
775,1930,Zed,5,5,7,12808,19252,19008,44,1,0,0
776,1150,Nidalee,1,8,5,5818,910,16624,14,0,0,0
777,955,Zed,7,1,4,7996,6319,6891,23,1,0,1
778,1865,Nidalee,16,7,6,14464,2061,17764,35,3,0,0
779,1456,Graves,16,2,6,16507,27224,17586,59,2,0,1
780,1072,Lucian,2,6,0,5988,5062,5613,95,0,0,0
781,2000,Lucian,6,8,14,14578,14351,17090,211,0,0,1
782,1404,Caitlyn,3,5,1,10274,10209,5998,184,0,0,0
783,1223,Renekton,16,16,20,15276,31575,23148,56,0,0,1
784,1431,Lucian,6,5,3,10860,9813,9997,203,0,0,1
785,1586,Varus,2,5,4,9273,8363,6909,183,0,0,0
786,1905,Varus,13,4,4,17409,28036,19317,232,0,0,1
787,2192,Samira,13,4,11,18879,24225,18765,283,0,0,1
788,1361,Lucian,0,6,3,7066,9415,11765,158,0,0,0
789,2395,Thresh,2,4,23,10377,607,12652,36,0,0,1
790,1550,Varus,8,5,4,14238,17999,9230,215,0,0,0
791,1789,Varus,4,10,8,11919,10840,10815,195,1,0,1
792,1755,Varus,6,5,11,16214,14063,11524,250,0,1,1
793,2162,Nami,3,11,17,9793,629,13433,18,0,0,0
794,1684,Nilah,14,2,7,16421,39497,14585,214,1,0,1
795,1669,Leblanc,5,4,3,11190,2093,9567,207,0,0,0
796,1344,Yone,5,5,4,10373,9547,15569,169,0,0,1
797,1782,Yone,8,10,12,12029,19002,16241,178,0,0,0
798,1702,Viktor,8,5,6,14877,757,7596,267,0,0,0
799,1410,Swain,1,6,3,7135,1583,14016,175,0,0,0
800,1977,Viktor,7,4,4,14825,442,6439,255,0,0,1
801,1786,Irelia,4,5,3,12159,5431,10361,270,0,0,0
802,1720,Viktor,5,5,2,12221,853,7975,257,0,0,0
803,1853,Yone,6,10,2,13502,14627,12602,210,0,0,1
804,1703,Akali,10,4,4,13674,1740,13241,245,0,0,0
805,2162,Caitlyn,11,7,4,16825,28856,17451,292,0,0,0
806,1390,Kassadin,6,4,4,10282,1492,13615,180,0,0,0
807,2328,Ezreal,20,6,10,25859,42002,17416,319,2,0,1
808,1756,Ezreal,11,10,14,14070,25270,14235,190,0,0,0
809,1533,Akali,10,4,1,10270,1790,7892,153,0,0,1
810,2258,Draven,15,6,9,22078,29283,21020,297,0,0,0
811,1427,Samira,3,6,3,9044,11778,7095,189,0,0,0
812,1760,KogMaw,9,10,3,12741,20544,17704,174,0,0,0
813,1242,Caitlyn,4,4,7,9384,10646,5068,189,0,0,1
814,1615,Aphelios,1,14,4,8319,11501,10292,135,0,0,0
815,993,Xayah,4,2,0,6132,4981,4872,119,0,0,0
816,2129,Kaisa,7,13,10,14422,20542,12121,201,0,0,0
817,1268,Lucian,0,8,1,5794,5879,8823,124,0,0,0
818,1869,Samira,11,8,13,16316,22873,14806,234,0,0,1
819,2458,Jhin,10,10,16,18193,40069,22125,210,0,0,1
820,1749,Aphelios,7,10,7,12764,18649,12442,167,0,0,1
821,1707,Lucian,15,6,12,17981,25045,13753,222,0,0,1
822,1741,Caitlyn,2,10,8,10614,14970,10083,209,0,0,0
823,2016,Kaisa,3,10,6,13152,9987,13694,225,1,0,1
824,1086,KogMaw,10,4,5,10467,10068,6409,158,0,0,1
825,1416,Pantheon,9,4,6,12737,22372,12737,154,0,0,1
826,1379,Pantheon,6,4,8,10831,12097,11430,163,0,0,1
827,1533,Mordekaiser,0,5,2,9536,1653,14455,192,0,0,1
828,2050,Pantheon,4,9,9,11724,17226,14105,136,0,0,1
829,1826,Pantheon,15,7,9,17066,24293,15827,190,0,0,1
830,107,Pantheon,0,0,0,500,0,0,0,0,0,1
831,1470,Pantheon,2,9,7,7941,10974,17753,22,1,0,0
832,1444,Pantheon,5,6,1,11144,14499,10869,170,0,0,0
833,1013,Pantheon,4,3,2,7466,6768,4764,115,0,0,0
834,1612,Pantheon,6,7,9,11747,18790,8653,125,0,0,1
835,1353,Mordekaiser,3,5,1,8778,1242,10771,180,0,0,0
836,1691,Pantheon,6,6,13,10491,16240,8313,45,0,0,0
837,2101,Mordekaiser,5,7,13,13867,3074,24212,217,0,0,1
838,1154,Pantheon,1,9,1,5408,8936,7595,94,0,0,0
839,1483,Pantheon,11,6,4,12786,17098,12162,145,0,0,1
840,2001,Heimerdinger,18,13,13,15619,1941,15017,52,0,0,1
841,2099,Jhin,8,5,15,12914,25021,8426,53,0,0,1
842,1743,Jhin,1,9,8,8156,12692,7256,34,0,0,0
843,1449,Heimerdinger,8,8,9,9807,989,10295,17,0,0,1
844,1443,Heimerdinger,12,2,14,11921,1309,7638,56,0,0,1
845,1807,Heimerdinger,8,16,6,11642,843,15190,44,0,0,0
846,1919,Heimerdinger,8,15,10,11133,1150,18540,48,0,0,0
847,1863,Heimerdinger,13,13,17,15197,1952,17311,58,0,0,0
848,1029,Heimerdinger,8,4,7,8378,1296,4004,27,0,0,1
849,1730,Heimerdinger,1,10,11,8412,1157,7781,33,0,0,0
850,1732,Lux,12,6,13,12271,1688,9061,26,0,0,1
851,1880,Heimerdinger,13,11,9,14303,1269,16105,58,0,0,1
852,1499,Nautilus,1,7,10,7211,1479,8895,47,0,0,0
853,1525,Heimerdinger,7,7,4,9632,786,5885,46,0,0,1
854,1685,Heimerdinger,6,13,10,9914,1743,10922,33,0,0,1
855,1967,Nami,4,8,11,9033,1525,11644,15,0,0,0
856,1410,Lulu,3,0,16,8543,1091,3684,23,0,0,1
857,1271,Janna,3,1,3,5610,760,2448,9,0,0,0
858,1417,Nami,1,6,15,6917,1081,6765,6,0,0,1
859,1215,Nami,2,6,16,7313,1080,10925,2,0,0,1
860,1594,Nami,2,1,12,7494,1371,7860,16,0,0,0
861,1760,Nami,3,5,15,9062,1377,10759,31,0,0,1
862,1663,Lulu,0,6,4,6576,750,8985,19,0,0,0
863,1676,Lulu,1,3,15,8502,1104,4616,31,0,0,0
864,741,Sona,7,0,12,6228,2731,3211,18,0,0,1
865,1655,Nami,3,2,25,9904,1185,8192,12,0,0,1
866,1398,Janna,0,0,13,6594,764,3825,19,0,0,1
867,1348,Nami,5,0,11,9237,1473,7674,24,0,0,1
868,2001,Maokai,3,12,16,11725,1284,20089,14,0,1,0
869,1786,Janna,1,6,12,7145,573,10413,16,0,0,0
870,1565,Maokai,5,5,15,10640,1963,16368,17,1,1,1
871,1679,Maokai,4,4,12,11016,811,18934,32,3,2,1
872,1017,Lillia,2,3,0,6923,207,15376,13,0,0,0
873,1533,Maokai,2,1,20,11730,856,18188,25,3,1,1
874,2169,Maokai,14,5,15,17775,2137,34427,43,3,2,1
875,1440,Lillia,5,10,4,9462,1090,27724,23,0,0,0
876,233,Maokai,0,1,0,992,203,1467,1,0,0,0
877,1502,Maokai,4,4,4,9701,1654,21192,19,0,0,0
878,1708,Maokai,8,2,13,13414,1819,20223,30,3,1,1
879,1212,Maokai,0,5,5,6474,646,16930,13,0,0,0
880,1319,Maokai,7,4,9,10443,956,18938,13,3,1,1
881,1869,Lillia,7,3,12,15210,1733,32933,56,2,1,1
882,1614,Vayne,12,18,17,19445,31702,16538,141,0,0,0
883,624,Irelia,8,7,16,9640,9291,8322,54,0,0,1
884,912,Akshan,9,10,13,11659,19079,10939,58,0,0,0
885,873,Kayn,7,11,5,10096,14628,5252,29,0,0,0
886,1148,Akshan,19,14,22,17158,30435,13868,68,0,0,0
887,1497,Draven,19,18,27,20886,39126,14488,55,0,0,0
888,1021,Sylas,7,1,5,9578,340,3710,122,0,0,1
889,1376,Irelia,10,6,4,11921,13328,19483,161,0,0,1
890,1660,Irelia,2,11,5,10138,10331,18671,218,0,0,0
891,1270,Irelia,8,6,5,11340,14335,13838,181,0,0,1
892,1636,Irelia,8,6,5,12963,11957,17974,177,0,0,1
893,1489,DrMundo,2,9,9,10516,7829,32181,157,0,0,0
894,1467,Sylas,11,7,7,11811,345,14156,169,0,0,1
895,1767,Syndra,5,7,6,11319,1110,11938,220,0,0,0
896,1420,Cassiopeia,5,4,5,10413,544,12270,177,1,0,1
897,2015,Diana,8,7,7,13371,1882,20819,186,0,0,0
898,879,Diana,0,2,1,3817,473,1630,90,0,0,0
899,1739,Sylas,7,7,3,11713,555,17711,180,0,0,0
900,1737,Diana,9,6,6,14102,3361,14840,220,0,0,1
901,2261,Diana,3,6,10,14199,2028,17500,254,0,1,1
902,1791,Sylas,8,8,4,12770,1393,15054,172,0,1,0
903,2235,Tristana,10,12,6,16688,32098,23981,224,0,0,0
904,968,Pyke,8,4,6,6402,4815,9091,24,0,0,1
905,1579,Diana,4,6,17,11168,1903,16394,161,0,0,1
906,1838,Fizz,18,9,8,14951,3520,12336,182,0,0,1
907,2143,Sylas,11,8,5,18108,2295,41977,249,0,1,0
908,1725,Diana,6,5,4,11759,1450,13210,201,0,0,1
909,913,Diana,5,2,0,5887,959,4079,116,0,0,0
910,1414,Diana,14,5,4,13327,2026,8371,191,0,0,1
911,1404,Diana,9,3,7,11114,884,5673,149,0,0,1
912,397,Karma,1,0,3,2375,399,999,4,0,0,1
913,1919,Zilean,2,4,5,8880,560,13425,157,0,0,0
914,962,Ashe,0,2,0,2946,1400,2847,1,0,0,0
915,1303,Zilean,6,0,8,9285,1238,4296,145,0,0,1
916,1363,Zilean,0,2,14,8495,1092,6631,150,0,0,1
917,1411,Zilean,1,3,5,6920,657,7756,160,0,0,0
918,1660,Zilean,2,3,13,9529,1912,6853,166,0,0,1
919,934,Zilean,1,1,1,4745,214,1063,117,0,0,0
920,967,Zilean,1,3,4,5279,835,4493,104,0,0,0
921,2000,Zilean,2,3,21,11636,909,10200,180,0,0,1
922,1754,Zilean,3,3,20,11187,1556,4794,169,0,0,1
923,1358,Zilean,5,1,2,8555,699,10148,167,0,0,0
924,1742,Karma,3,1,13,8493,1281,7121,29,0,0,0
925,942,Zilean,2,4,1,4959,1206,1428,74,0,0,0
926,1871,Zilean,3,5,18,9871,1719,12967,136,0,0,1
927,1428,Samira,2,6,1,8169,5904,9707,175,0,0,0
928,1151,Kaisa,1,6,2,6207,3863,5617,120,0,0,0
929,1620,Ashe,2,10,4,7991,8723,12101,157,0,0,0
930,1778,Xayah,6,7,5,12458,21830,12706,187,0,1,1
931,1855,Caitlyn,8,8,7,15637,18023,8326,238,0,1,0
932,1934,Jhin,8,10,16,13258,18044,19810,203,0,0,0
933,1739,Amumu,3,7,16,8560,787,10229,41,0,0,1
934,921,Nautilus,1,5,3,3572,1579,5915,21,0,0,0
935,1458,Thresh,2,4,23,8139,792,5535,27,0,0,1
936,1293,Kaisa,5,1,3,9992,6836,5643,201,0,0,1
937,2108,Nautilus,2,5,23,10371,2493,9786,41,0,0,1
938,1632,Karma,0,4,15,8296,775,4447,25,0,0,1
939,1117,Ezreal,3,2,9,7831,5827,7344,141,0,0,1
940,1527,Ezreal,4,6,5,10669,10363,10706,207,0,0,0
941,1212,Rakan,1,5,12,5152,985,9921,24,0,0,0
942,1311,Khazix,6,5,13,10714,10231,18554,10,3,0,1
943,1753,Khazix,15,5,13,17632,37265,23283,32,3,0,1
944,2022,Khazix,24,6,9,22059,47388,22659,75,1,1,1
945,2189,Khazix,22,11,4,18567,40066,29801,52,0,0,0
946,1401,Khazix,6,6,4,9670,14417,15785,23,0,0,0
947,1517,Khazix,8,5,3,11938,10045,14152,33,1,0,0
948,1859,Twitch,20,6,7,16833,13323,17982,186,0,1,1
949,1546,Talon,7,5,5,11368,12872,15384,62,0,0,0
950,1755,Talon,18,6,9,15687,34438,20084,43,1,1,1
951,1680,Talon,11,1,11,14788,27852,20878,49,3,1,1
952,1939,Twitch,9,6,8,14569,10370,16583,60,2,2,1
953,1655,Talon,6,7,11,12445,19443,21636,35,0,1,0
954,1534,Talon,6,4,5,11149,19048,16276,28,2,0,0
955,1952,Khazix,10,8,5,14205,16553,19191,30,1,0,1
956,1465,Khazix,7,5,3,11257,11410,19604,22,4,1,1
957,1428,Zac,0,3,9,7536,458,19137,24,1,0,0
958,2052,Twitch,10,9,3,13513,6396,16737,201,0,0,1
959,1478,Velkoz,4,4,6,12081,477,5616,230,0,0,1
960,1231,Velkoz,5,5,2,9261,276,8133,184,0,0,0
961,1498,Velkoz,12,3,4,12652,553,10636,194,0,0,1
962,2013,Lux,7,9,10,14713,1460,17058,286,0,0,0
963,1170,Velkoz,3,3,2,7755,551,5944,166,0,0,0
964,2069,Zac,10,8,16,14845,1643,30411,19,2,1,1
965,1911,Velkoz,6,5,13,13813,793,10293,209,0,1,1
966,1324,Twitch,4,9,3,8893,4354,11846,143,0,0,0
967,1245,Twitch,4,5,0,8240,3118,6526,134,0,0,0
968,1640,Twitch,12,4,7,14011,6910,11090,199,0,0,1
969,1912,Twitch,1,10,5,9619,4988,8156,193,0,0,0
970,1754,Velkoz,1,5,8,9784,456,11791,208,0,0,0
971,1991,Zac,13,4,15,15408,1026,28070,33,3,0,1
972,1894,Irelia,2,11,6,12336,14614,25262,242,0,0,1
973,1342,Irelia,6,1,3,10730,9208,9723,207,0,0,1
974,1744,Yone,5,2,3,15026,11174,12741,290,0,0,0
975,1598,Irelia,14,3,5,18412,24863,24862,252,0,0,1
976,959,Irelia,9,3,4,9228,10949,7926,130,0,0,1
977,1731,Irelia,21,4,7,20642,20089,23435,234,0,0,1
978,1645,Irelia,10,8,5,16263,15413,14115,241,0,0,1
979,1619,Irelia,10,12,5,13841,19357,25107,174,0,0,1
980,2082,Irelia,0,1,0,5294,818,1184,1,0,0,1
981,1961,Yone,7,10,4,14023,11412,21059,203,0,0,0
982,1655,Irelia,12,6,9,14407,19931,24027,219,1,1,0
983,195,Irelia,0,0,0,1210,0,695,19,0,0,1
984,1329,Yone,0,9,3,6619,9396,11511,132,0,0,0
985,645,Irelia,3,0,1,4686,3537,5864,93,0,0,1
986,1506,Irelia,4,6,1,10584,13314,17914,208,0,0,0
987,1428,Talon,7,1,7,12541,14330,15212,41,2,1,1
988,1620,Talon,10,5,2,13865,17270,16160,69,0,0,0
989,1323,Talon,11,1,8,14405,18491,14532,81,2,1,1
990,1211,Talon,6,3,2,10215,5930,14563,25,2,0,1
991,1739,Talon,13,4,9,19462,32053,17209,66,2,1,1
992,1462,Fizz,2,5,2,7857,1569,9311,120,0,0,1
993,917,Fizz,1,5,1,4484,2247,3306,73,0,0,1
994,118,Fizz,0,0,0,571,0,0,3,0,0,1
995,1304,Amumu,4,12,13,13087,551,18346,16,0,0,1
996,1594,Talon,7,3,4,14043,13174,12744,53,0,0,0
997,1859,Talon,6,12,10,13765,22842,29191,63,2,1,0
998,1140,Talon,7,0,8,10643,10917,13600,21,2,0,1
999,2015,Talon,7,5,15,16042,31339,20832,93,1,1,1
1000,1630,Talon,24,1,11,21918,37037,20067,98,3,1,1
1001,1201,Talon,8,0,5,10834,11820,10195,54,2,0,1
1002,2015,Lux,2,12,7,8405,1080,12844,17,0,0,0
1003,969,Veigar,10,10,23,12369,404,3289,79,0,0,0
1004,1431,Gnar,18,12,23,18732,35338,10667,70,0,0,1
1005,829,Varus,2,8,15,8288,4622,9568,20,0,0,0
1006,900,Qiyana,19,10,9,13762,24462,8063,36,0,0,1
1007,528,Volibear,6,7,9,6554,4740,5724,3,0,0,0
1008,1003,Malphite,12,10,8,11537,2424,10718,11,0,0,0
1009,110,Nilah,1,1,0,1929,314,756,1,0,0,0
1010,760,Nunu,14,7,26,11153,1525,15024,30,0,0,1
1011,1589,Lux,4,4,20,9254,1349,4345,26,0,0,1
1012,2109,Lux,4,4,27,11879,1435,10316,43,0,0,1
1013,1441,Lux,1,7,7,5966,1136,5070,25,0,0,0
1014,1658,Maokai,0,4,24,9043,1387,10736,46,1,0,1
1015,1596,Maokai,3,3,20,8221,1605,13445,30,2,0,1
1016,1881,Lux,3,8,23,10534,2102,10022,33,0,0,1
1017,2241,Caitlyn,16,9,12,17903,35143,18495,210,1,0,1
1018,1922,Ezreal,2,9,15,11186,15212,16602,192,0,0,1
1019,1262,Kaisa,7,4,2,9253,9922,7038,169,0,0,0
1020,2286,Zeri,10,5,11,16342,21282,14144,227,0,1,1
1021,1722,Caitlyn,11,4,5,13530,18767,10704,172,0,0,0
1022,2273,Caitlyn,22,10,8,21795,52301,17882,263,0,0,0
1023,1234,Varus,4,5,7,8214,6602,4180,139,0,0,0
1024,1731,Lucian,15,4,3,17116,16657,8927,230,0,0,1
1025,1639,Ezreal,16,6,8,13790,25141,12992,161,0,1,1
1026,1163,Kayn,24,11,21,16363,38243,11609,20,0,0,1
1027,1457,Lucian,5,7,7,10105,11122,5546,155,0,0,0
1028,2408,Kaisa,6,11,5,16123,17832,10927,244,1,0,1
1029,1502,Samira,14,7,5,14336,23671,9729,173,0,0,1
1030,1656,Lucian,21,3,5,16541,18606,11207,185,0,0,1
1031,1913,Akali,5,10,5,10254,1580,10355,168,1,0,0
